,State,Median AQI,year
0,Alabama,33.0,1998
1,Alaska,24.2,1998
2,Arizona,44.6,1998
3,Arkansas,39.2,1998
4,California,42.5,1998
5,Canada,37.0,1998
6,Colorado,31.1,1998
7,Connecticut,42.1,1998
8,Country Of Mexico,67.3,1998
9,Delaware,46.7,1998
10,District Of Columbia,49.0,1998
11,Florida,33.5,1998
12,Georgia,41.6,1998
13,Hawaii,22.3,1998
14,Idaho,24.0,1998
15,Illinois,35.2,1998
16,Indiana,46.1,1998
17,Iowa,31.5,1998
18,Kansas,29.2,1998
19,Kentucky,40.5,1998
20,Louisiana,37.3,1998
21,Maine,32.6,1998
22,Maryland,43.6,1998
23,Massachusetts,36.4,1998
24,Michigan,39.0,1998
25,Minnesota,21.1,1998
26,Mississippi,39.4,1998
27,Missouri,39.6,1998
28,Montana,21.8,1998
29,Nebraska,25.1,1998
30,Nevada,32.7,1998
31,New Hampshire,34.9,1998
32,New Jersey,37.4,1998
33,New Mexico,27.0,1998
34,New York,33.8,1998
35,North Carolina,42.9,1998
36,North Dakota,23.2,1998
37,Ohio,39.3,1998
38,Oklahoma,38.5,1998
39,Oregon,26.8,1998
40,Pennsylvania,41.8,1998
41,Puerto Rico,22.0,1998
42,Rhode Island,40.0,1998
43,South Carolina,42.8,1998
44,South Dakota,20.2,1998
45,Tennessee,42.4,1998
46,Texas,38.2,1998
47,Utah,37.2,1998
48,Vermont,28.8,1998
49,Virgin Islands,18.7,1998
50,Virginia,33.8,1998
51,Washington,26.9,1998
52,West Virginia,34.0,1998
53,Wisconsin,40.8,1998
54,Wyoming,24.1,1998
55,Alabama,51.7,1999
56,Alaska,21.8,1999
57,Arizona,47.2,1999
58,Arkansas,50.8,1999
59,California,50.7,1999
60,Canada,34.0,1999
61,Colorado,29.5,1999
62,Connecticut,43.5,1999
63,Country Of Mexico,73.7,1999
64,Delaware,51.7,1999
65,District Of Columbia,59.0,1999
66,Florida,37.0,1999
67,Georgia,54.1,1999
68,Hawaii,20.3,1999
69,Idaho,26.5,1999
70,Illinois,37.6,1999
71,Indiana,46.1,1999
72,Iowa,39.3,1999
73,Kansas,36.9,1999
74,Kentucky,48.7,1999
75,Louisiana,43.9,1999
76,Maine,31.9,1999
77,Maryland,44.9,1999
78,Massachusetts,42.5,1999
79,Michigan,39.4,1999
80,Minnesota,25.4,1999
81,Mississippi,48.4,1999
82,Missouri,47.6,1999
83,Montana,18.5,1999
84,Nebraska,31.4,1999
85,Nevada,42.7,1999
86,New Hampshire,37.1,1999
87,New Jersey,40.3,1999
88,New Mexico,28.6,1999
89,New York,38.0,1999
90,North Carolina,51.2,1999
91,North Dakota,25.5,1999
92,Ohio,44.9,1999
93,Oklahoma,38.1,1999
94,Oregon,31.5,1999
95,Pennsylvania,44.1,1999
96,Puerto Rico,26.9,1999
97,Rhode Island,41.0,1999
98,South Carolina,46.8,1999
99,South Dakota,29.0,1999
100,Tennessee,53.1,1999
101,Texas,40.0,1999
102,Utah,38.9,1999
103,Vermont,35.5,1999
104,Virgin Islands,20.3,1999
105,Virginia,38.3,1999
106,Washington,27.7,1999
107,West Virginia,43.8,1999
108,Wisconsin,40.5,1999
109,Wyoming,27.3,1999
110,Alabama,52.7,2000
111,Alaska,22.7,2000
112,Arizona,40.2,2000
113,Arkansas,51.1,2000
114,California,47.4,2000
115,Canada,28.0,2000
116,Colorado,29.6,2000
117,Connecticut,40.8,2000
118,Country Of Mexico,74.3,2000
119,Delaware,51.3,2000
120,District Of Columbia,58.0,2000
121,Florida,39.0,2000
122,Georgia,51.6,2000
123,Hawaii,19.2,2000
124,Idaho,26.3,2000
125,Illinois,39.2,2000
126,Indiana,43.5,2000
127,Iowa,37.4,2000
128,Kansas,35.8,2000
129,Kentucky,43.8,2000
130,Louisiana,44.6,2000
131,Maine,29.4,2000
132,Maryland,42.2,2000
133,Massachusetts,40.7,2000
134,Michigan,37.3,2000
135,Minnesota,28.6,2000
136,Mississippi,51.3,2000
137,Missouri,45.2,2000
138,Montana,18.9,2000
139,Nebraska,30.5,2000
140,Nevada,40.1,2000
141,New Hampshire,33.5,2000
142,New Jersey,39.4,2000
143,New Mexico,28.1,2000
144,New York,35.2,2000
145,North Carolina,50.6,2000
146,North Dakota,24.0,2000
147,Ohio,42.8,2000
148,Oklahoma,39.7,2000
149,Oregon,28.5,2000
150,Pennsylvania,42.3,2000
151,Puerto Rico,25.8,2000
152,Rhode Island,41.3,2000
153,South Carolina,47.0,2000
154,South Dakota,25.8,2000
155,Tennessee,49.7,2000
156,Texas,39.7,2000
157,Utah,28.8,2000
158,Vermont,31.8,2000
159,Virgin Islands,26.3,2000
160,Virginia,37.0,2000
161,Washington,29.9,2000
162,West Virginia,46.4,2000
163,Wisconsin,39.6,2000
164,Wyoming,26.0,2000
165,Alabama,45.6,2001
166,Alaska,19.6,2001
167,Arizona,38.5,2001
168,Arkansas,48.2,2001
169,California,48.9,2001
170,Canada,29.5,2001
171,Colorado,29.4,2001
172,Connecticut,43.8,2001
173,Country Of Mexico,69.7,2001
174,Delaware,54.3,2001
175,District Of Columbia,62.0,2001
176,Florida,37.2,2001
177,Georgia,46.1,2001
178,Hawaii,21.3,2001
179,Idaho,27.6,2001
180,Illinois,39.4,2001
181,Indiana,42.8,2001
182,Iowa,35.5,2001
183,Kansas,34.0,2001
184,Kentucky,43.3,2001
185,Louisiana,41.3,2001
186,Maine,30.5,2001
187,Maryland,45.4,2001
188,Massachusetts,44.5,2001
189,Michigan,39.7,2001
190,Minnesota,30.9,2001
191,Mississippi,46.2,2001
192,Missouri,42.5,2001
193,Montana,17.0,2001
194,Nebraska,30.2,2001
195,Nevada,40.6,2001
196,New Hampshire,38.8,2001
197,New Jersey,41.3,2001
198,New Mexico,26.4,2001
199,New York,37.3,2001
200,North Carolina,49.4,2001
201,North Dakota,26.8,2001
202,Ohio,44.7,2001
203,Oklahoma,38.8,2001
204,Oregon,27.8,2001
205,Pennsylvania,47.2,2001
206,Puerto Rico,25.9,2001
207,Rhode Island,45.7,2001
208,South Carolina,44.5,2001
209,South Dakota,24.5,2001
210,Tennessee,46.7,2001
211,Texas,40.2,2001
212,Utah,33.0,2001
213,Vermont,35.5,2001
214,Virgin Islands,22.0,2001
215,Virginia,37.6,2001
216,Washington,28.2,2001
217,West Virginia,47.0,2001
218,Wisconsin,40.3,2001
219,Wyoming,28.6,2001
220,Alabama,42.9,2002
221,Alaska,21.0,2002
222,Arizona,43.2,2002
223,Arkansas,42.3,2002
224,California,51.5,2002
225,Canada,23.0,2002
226,Colorado,30.8,2002
227,Connecticut,44.8,2002
228,Country Of Mexico,63.0,2002
229,Delaware,52.0,2002
230,District Of Columbia,58.0,2002
231,Florida,36.5,2002
232,Georgia,44.1,2002
233,Hawaii,19.0,2002
234,Idaho,28.8,2002
235,Illinois,39.2,2002
236,Indiana,45.5,2002
237,Iowa,35.8,2002
238,Kansas,33.5,2002
239,Kentucky,41.9,2002
240,Louisiana,37.7,2002
241,Maine,29.7,2002
242,Maryland,48.0,2002
243,Massachusetts,42.5,2002
244,Michigan,40.6,2002
245,Minnesota,30.6,2002
246,Mississippi,43.6,2002
247,Missouri,46.2,2002
248,Montana,15.8,2002
249,Nebraska,26.4,2002
250,Nevada,39.3,2002
251,New Hampshire,38.2,2002
252,New Jersey,40.2,2002
253,New Mexico,26.7,2002
254,New York,36.6,2002
255,North Carolina,49.0,2002
256,North Dakota,26.8,2002
257,Ohio,45.7,2002
258,Oklahoma,37.0,2002
259,Oregon,29.8,2002
260,Pennsylvania,45.3,2002
261,Puerto Rico,25.2,2002
262,Rhode Island,43.7,2002
263,South Carolina,43.6,2002
264,South Dakota,23.6,2002
265,Tennessee,43.8,2002
266,Texas,39.1,2002
267,Utah,32.4,2002
268,Vermont,34.0,2002
269,Virgin Islands,26.3,2002
270,Virginia,37.9,2002
271,Washington,31.2,2002
272,West Virginia,44.7,2002
273,Wisconsin,38.1,2002
274,Wyoming,26.8,2002
275,Alabama,43.4,2003
276,Alaska,17.9,2003
277,Arizona,45.4,2003
278,Arkansas,45.0,2003
279,California,50.5,2003
280,Canada,23.5,2003
281,Colorado,30.5,2003
282,Connecticut,44.6,2003
283,Country Of Mexico,64.0,2003
284,Delaware,48.0,2003
285,District Of Columbia,57.0,2003
286,Florida,36.4,2003
287,Georgia,44.8,2003
288,Hawaii,20.5,2003
289,Idaho,26.0,2003
290,Illinois,37.6,2003
291,Indiana,45.2,2003
292,Iowa,36.2,2003
293,Kansas,35.0,2003
294,Kentucky,42.2,2003
295,Louisiana,40.5,2003
296,Maine,30.8,2003
297,Maryland,44.1,2003
298,Massachusetts,40.1,2003
299,Michigan,41.1,2003
300,Minnesota,37.5,2003
301,Mississippi,46.6,2003
302,Missouri,44.8,2003
303,Montana,15.5,2003
304,Nebraska,28.5,2003
305,Nevada,37.1,2003
306,New Hampshire,38.4,2003
307,New Jersey,39.4,2003
308,New Mexico,29.2,2003
309,New York,36.2,2003
310,North Carolina,45.5,2003
311,North Dakota,27.3,2003
312,Ohio,44.3,2003
313,Oklahoma,40.7,2003
314,Oregon,25.3,2003
315,Pennsylvania,43.8,2003
316,Puerto Rico,23.9,2003
317,Rhode Island,43.0,2003
318,South Carolina,40.3,2003
319,South Dakota,30.0,2003
320,Tennessee,44.2,2003
321,Texas,40.2,2003
322,Utah,30.1,2003
323,Vermont,29.4,2003
324,Virgin Islands,26.7,2003
325,Virginia,36.3,2003
326,Washington,30.8,2003
327,West Virginia,42.6,2003
328,Wisconsin,39.8,2003
329,Wyoming,26.1,2003
330,Alabama,42.3,2004
331,Alaska,15.3,2004
332,Arizona,41.3,2004
333,Arkansas,42.5,2004
334,California,49.7,2004
335,Canada,26.3,2004
336,Colorado,29.0,2004
337,Connecticut,41.6,2004
338,Country Of Mexico,67.3,2004
339,Delaware,49.3,2004
340,District Of Columbia,56.0,2004
341,Florida,39.7,2004
342,Georgia,48.3,2004
343,Hawaii,15.0,2004
344,Idaho,29.1,2004
345,Illinois,36.1,2004
346,Indiana,43.8,2004
347,Iowa,32.9,2004
348,Kansas,31.0,2004
349,Kentucky,40.7,2004
350,Louisiana,38.4,2004
351,Maine,31.5,2004
352,Maryland,45.5,2004
353,Massachusetts,39.9,2004
354,Michigan,37.2,2004
355,Minnesota,35.2,2004
356,Mississippi,44.3,2004
357,Missouri,41.7,2004
358,Montana,17.1,2004
359,Nebraska,28.3,2004
360,Nevada,34.0,2004
361,New Hampshire,37.4,2004
362,New Jersey,38.0,2004
363,New Mexico,27.2,2004
364,New York,34.5,2004
365,North Carolina,45.3,2004
366,North Dakota,28.0,2004
367,Ohio,41.1,2004
368,Oklahoma,37.3,2004
369,Oregon,28.1,2004
370,Pennsylvania,42.0,2004
371,Puerto Rico,21.1,2004
372,Rhode Island,40.3,2004
373,South Carolina,42.3,2004
374,South Dakota,31.1,2004
375,Tennessee,42.4,2004
376,Texas,37.2,2004
377,Utah,34.9,2004
378,Vermont,26.8,2004
379,Virgin Islands,18.7,2004
380,Virginia,35.1,2004
381,Washington,31.4,2004
382,West Virginia,41.6,2004
383,Wisconsin,36.1,2004
384,Wyoming,24.6,2004
385,Alabama,44.1,2005
386,Alaska,16.2,2005
387,Arizona,42.7,2005
388,Arkansas,50.6,2005
389,California,46.0,2005
390,Canada,20.5,2005
391,Colorado,30.5,2005
392,Connecticut,42.8,2005
393,Country Of Mexico,66.0,2005
394,Delaware,51.7,2005
395,District Of Columbia,57.0,2005
396,Florida,39.6,2005
397,Georgia,48.3,2005
398,Hawaii,15.5,2005
399,Idaho,26.0,2005
400,Illinois,39.9,2005
401,Indiana,49.4,2005
402,Iowa,37.2,2005
403,Kansas,34.4,2005
404,Kentucky,45.0,2005
405,Louisiana,45.2,2005
406,Maine,34.5,2005
407,Maryland,46.4,2005
408,Massachusetts,42.9,2005
409,Michigan,41.4,2005
410,Minnesota,37.8,2005
411,Mississippi,47.6,2005
412,Missouri,47.0,2005
413,Montana,18.2,2005
414,Nebraska,29.2,2005
415,Nevada,34.3,2005
416,New Hampshire,38.8,2005
417,New Jersey,40.6,2005
418,New Mexico,28.9,2005
419,New York,37.2,2005
420,North Carolina,48.2,2005
421,North Dakota,29.0,2005
422,Ohio,45.1,2005
423,Oklahoma,40.5,2005
424,Oregon,27.1,2005
425,Pennsylvania,45.6,2005
426,Puerto Rico,22.7,2005
427,Rhode Island,43.3,2005
428,South Carolina,44.2,2005
429,South Dakota,34.1,2005
430,Tennessee,46.1,2005
431,Texas,42.2,2005
432,Utah,34.7,2005
433,Vermont,30.2,2005
434,Virgin Islands,18.7,2005
435,Virginia,37.8,2005
436,Washington,29.3,2005
437,West Virginia,45.1,2005
438,Wisconsin,40.8,2005
439,Wyoming,24.9,2005
440,Alabama,45.8,2006
441,Alaska,17.6,2006
442,Arizona,49.1,2006
443,Arkansas,44.4,2006
444,California,47.6,2006
445,Canada,25.0,2006
446,Colorado,31.0,2006
447,Connecticut,40.9,2006
448,Country Of Mexico,70.7,2006
449,Delaware,50.3,2006
450,District Of Columbia,54.0,2006
451,Florida,40.8,2006
452,Georgia,51.9,2006
453,Hawaii,14.2,2006
454,Idaho,28.7,2006
455,Illinois,36.1,2006
456,Indiana,44.8,2006
457,Iowa,36.4,2006
458,Kansas,34.1,2006
459,Kentucky,41.6,2006
460,Louisiana,44.8,2006
461,Maine,33.6,2006
462,Maryland,46.1,2006
463,Massachusetts,39.7,2006
464,Michigan,38.2,2006
465,Minnesota,34.9,2006
466,Mississippi,48.6,2006
467,Missouri,45.5,2006
468,Montana,22.2,2006
469,Nebraska,28.1,2006
470,Nevada,38.0,2006
471,New Hampshire,35.6,2006
472,New Jersey,40.8,2006
473,New Mexico,30.0,2006
474,New York,34.1,2006
475,North Carolina,47.8,2006
476,North Dakota,31.6,2006
477,Ohio,41.2,2006
478,Oklahoma,41.4,2006
479,Oregon,27.6,2006
480,Pennsylvania,40.8,2006
481,Puerto Rico,23.8,2006
482,Rhode Island,40.3,2006
483,South Carolina,44.7,2006
484,South Dakota,32.1,2006
485,Tennessee,45.7,2006
486,Texas,41.7,2006
487,Utah,36.7,2006
488,Vermont,26.2,2006
489,Virgin Islands,29.0,2006
490,Virginia,36.3,2006
491,Washington,28.6,2006
492,West Virginia,44.4,2006
493,Wisconsin,40.3,2006
494,Wyoming,28.0,2006
495,Alabama,49.8,2007
496,Alaska,16.9,2007
497,Arizona,47.5,2007
498,Arkansas,44.8,2007
499,California,48.9,2007
500,Colorado,37.4,2007
501,Connecticut,41.2,2007
502,Country Of Mexico,74.7,2007
503,Delaware,50.3,2007
504,District Of Columbia,54.0,2007
505,Florida,40.8,2007
506,Georgia,49.8,2007
507,Hawaii,15.7,2007
508,Idaho,27.6,2007
509,Illinois,42.5,2007
510,Indiana,50.6,2007
511,Iowa,41.4,2007
512,Kansas,33.7,2007
513,Kentucky,48.0,2007
514,Louisiana,41.6,2007
515,Maine,32.8,2007
516,Maryland,48.1,2007
517,Massachusetts,40.5,2007
518,Michigan,40.8,2007
519,Minnesota,35.6,2007
520,Mississippi,47.3,2007
521,Missouri,46.8,2007
522,Montana,22.8,2007
523,Nebraska,31.4,2007
524,Nevada,35.4,2007
525,New Hampshire,36.0,2007
526,New Jersey,42.2,2007
527,New Mexico,30.1,2007
528,New York,38.0,2007
529,North Carolina,49.9,2007
530,North Dakota,29.8,2007
531,Ohio,43.6,2007
532,Oklahoma,37.8,2007
533,Oregon,27.1,2007
534,Pennsylvania,42.5,2007
535,Puerto Rico,23.7,2007
536,Rhode Island,41.0,2007
537,South Carolina,45.4,2007
538,South Dakota,33.0,2007
539,Tennessee,49.7,2007
540,Texas,39.7,2007
541,Utah,44.6,2007
542,Vermont,26.0,2007
543,Virgin Islands,24.0,2007
544,Virginia,38.2,2007
545,Washington,26.7,2007
546,West Virginia,48.1,2007
547,Wisconsin,41.1,2007
548,Wyoming,31.9,2007
549,Alabama,44.3,2008
550,Alaska,14.2,2008
551,Arizona,48.2,2008
552,Arkansas,41.3,2008
553,California,50.9,2008
554,Colorado,36.1,2008
555,Connecticut,40.5,2008
556,Country Of Mexico,60.0,2008
557,Delaware,49.0,2008
558,District Of Columbia,51.0,2008
559,Florida,39.1,2008
560,Georgia,46.6,2008
561,Hawaii,37.3,2008
562,Idaho,25.9,2008
563,Illinois,38.7,2008
564,Indiana,45.3,2008
565,Iowa,38.8,2008
566,Kansas,32.3,2008
567,Kentucky,42.9,2008
568,Louisiana,39.4,2008
569,Maine,33.7,2008
570,Maryland,45.6,2008
571,Massachusetts,41.2,2008
572,Michigan,40.3,2008
573,Minnesota,35.0,2008
574,Mississippi,44.1,2008
575,Missouri,43.1,2008
576,Montana,21.7,2008
577,Nebraska,30.8,2008
578,Nevada,33.3,2008
579,New Hampshire,36.4,2008
580,New Jersey,41.0,2008
581,New Mexico,30.3,2008
582,New York,38.1,2008
583,North Carolina,45.5,2008
584,North Dakota,31.3,2008
585,Ohio,43.2,2008
586,Oklahoma,38.5,2008
587,Oregon,32.9,2008
588,Pennsylvania,41.7,2008
589,Puerto Rico,20.5,2008
590,Rhode Island,41.3,2008
591,South Carolina,42.8,2008
592,South Dakota,33.1,2008
593,Tennessee,40.9,2008
594,Texas,39.8,2008
595,Utah,43.3,2008
596,Vermont,30.2,2008
597,Virgin Islands,19.7,2008
598,Virginia,35.3,2008
599,Washington,27.4,2008
600,West Virginia,42.5,2008
601,Wisconsin,39.9,2008
602,Wyoming,32.7,2008
603,Alabama,39.5,2009
604,Alaska,18.0,2009
605,Arizona,45.4,2009
606,Arkansas,39.1,2009
607,California,47.6,2009
608,Colorado,35.4,2009
609,Connecticut,36.4,2009
610,Country Of Mexico,54.0,2009
611,Delaware,44.0,2009
612,District Of Columbia,49.0,2009
613,Florida,38.4,2009
614,Georgia,42.6,2009
615,Hawaii,36.0,2009
616,Idaho,25.0,2009
617,Illinois,37.8,2009
618,Indiana,43.8,2009
619,Iowa,37.2,2009
620,Kansas,30.4,2009
621,Kentucky,38.6,2009
622,Louisiana,38.6,2009
623,Maine,32.5,2009
624,Maryland,42.6,2009
625,Massachusetts,37.0,2009
626,Michigan,37.9,2009
627,Minnesota,33.6,2009
628,Mississippi,40.6,2009
629,Missouri,40.1,2009
630,Montana,25.1,2009
631,Nebraska,26.0,2009
632,Nevada,33.8,2009
633,New Hampshire,34.9,2009
634,New Jersey,37.3,2009
635,New Mexico,29.6,2009
636,New York,36.1,2009
637,North Carolina,39.3,2009
638,North Dakota,30.6,2009
639,Ohio,40.1,2009
640,Oklahoma,40.6,2009
641,Oregon,30.3,2009
642,Pennsylvania,41.6,2009
643,Puerto Rico,18.6,2009
644,Rhode Island,36.3,2009
645,South Carolina,36.6,2009
646,South Dakota,33.4,2009
647,Tennessee,35.2,2009
648,Texas,38.6,2009
649,Utah,42.0,2009
650,Vermont,34.3,2009
651,Virgin Islands,19.0,2009
652,Virginia,31.2,2009
653,Washington,28.0,2009
654,West Virginia,40.1,2009
655,Wisconsin,36.4,2009
656,Wyoming,30.3,2009
657,Alabama,46.2,2010
658,Alaska,19.8,2010
659,Arizona,42.9,2010
660,Arkansas,43.7,2010
661,California,45.3,2010
662,Colorado,36.5,2010
663,Connecticut,39.8,2010
664,Country Of Mexico,54.7,2010
665,Delaware,46.7,2010
666,District Of Columbia,51.0,2010
667,Florida,40.4,2010
668,Georgia,46.3,2010
669,Hawaii,40.3,2010
670,Idaho,28.2,2010
671,Illinois,40.2,2010
672,Indiana,47.5,2010
673,Iowa,39.4,2010
674,Kansas,33.4,2010
675,Kentucky,43.8,2010
676,Louisiana,42.2,2010
677,Maine,34.1,2010
678,Maryland,46.4,2010
679,Massachusetts,38.8,2010
680,Michigan,38.3,2010
681,Minnesota,33.1,2010
682,Mississippi,44.3,2010
683,Missouri,43.9,2010
684,Montana,27.9,2010
685,Nebraska,29.8,2010
686,Nevada,32.6,2010
687,New Hampshire,38.3,2010
688,New Jersey,40.8,2010
689,New Mexico,30.3,2010
690,New York,37.1,2010
691,North Carolina,44.1,2010
692,North Dakota,34.4,2010
693,Ohio,46.4,2010
694,Oklahoma,40.2,2010
695,Oregon,25.4,2010
696,Pennsylvania,45.2,2010
697,Puerto Rico,18.8,2010
698,Rhode Island,39.3,2010
699,South Carolina,40.8,2010
700,South Dakota,34.7,2010
701,Tennessee,41.3,2010
702,Texas,38.2,2010
703,Utah,41.6,2010
704,Vermont,34.3,2010
705,Virgin Islands,36.0,2010
706,Virginia,36.1,2010
707,Washington,23.8,2010
708,West Virginia,43.3,2010
709,Wisconsin,37.9,2010
710,Wyoming,32.1,2010
711,Alabama,42.8,2011
712,Alaska,22.4,2011
713,Arizona,45.8,2011
714,Arkansas,42.8,2011
715,California,49.4,2011
716,Colorado,38.8,2011
717,Connecticut,39.5,2011
718,Country Of Mexico,46.0,2011
719,Delaware,44.0,2011
720,District Of Columbia,54.0,2011
721,Florida,38.7,2011
722,Georgia,46.7,2011
723,Hawaii,32.2,2011
724,Idaho,25.4,2011
725,Illinois,40.7,2011
726,Indiana,45.7,2011
727,Iowa,41.2,2011
728,Kansas,35.4,2011
729,Kentucky,42.2,2011
730,Louisiana,42.3,2011
731,Maine,33.1,2011
732,Maryland,45.3,2011
733,Massachusetts,40.1,2011
734,Michigan,37.7,2011
735,Minnesota,34.0,2011
736,Mississippi,43.4,2011
737,Missouri,45.0,2011
738,Montana,27.5,2011
739,Nebraska,30.3,2011
740,Nevada,33.0,2011
741,New Hampshire,39.1,2011
742,New Jersey,41.4,2011
743,New Mexico,32.6,2011
744,New York,37.5,2011
745,North Carolina,43.7,2011
746,North Dakota,36.6,2011
747,Ohio,42.6,2011
748,Oklahoma,45.3,2011
749,Oregon,25.8,2011
750,Pennsylvania,44.4,2011
751,Puerto Rico,17.0,2011
752,Rhode Island,40.0,2011
753,South Carolina,42.9,2011
754,South Dakota,33.9,2011
755,Tennessee,40.2,2011
756,Texas,41.5,2011
757,Utah,41.8,2011
758,Vermont,31.0,2011
759,Virgin Islands,22.5,2011
760,Virginia,33.3,2011
761,Washington,24.3,2011
762,West Virginia,39.4,2011
763,Wisconsin,37.4,2011
764,Wyoming,34.2,2011
765,Alabama,40.1,2012
766,Alaska,22.0,2012
767,Arizona,46.6,2012
768,Arkansas,40.9,2012
769,California,48.7,2012
770,Colorado,40.3,2012
771,Connecticut,42.4,2012
772,Country Of Mexico,37.5,2012
773,Delaware,43.3,2012
774,District Of Columbia,56.0,2012
775,Florida,36.9,2012
776,Georgia,43.0,2012
777,Hawaii,36.2,2012
778,Idaho,24.6,2012
779,Illinois,41.0,2012
780,Indiana,45.6,2012
781,Iowa,42.4,2012
782,Kansas,34.8,2012
783,Kentucky,42.4,2012
784,Louisiana,41.3,2012
785,Maine,34.0,2012
786,Maryland,45.3,2012
787,Massachusetts,38.3,2012
788,Michigan,40.2,2012
789,Minnesota,33.4,2012
790,Mississippi,40.5,2012
791,Missouri,45.2,2012
792,Montana,28.4,2012
793,Nebraska,33.4,2012
794,Nevada,36.2,2012
795,New Hampshire,38.1,2012
796,New Jersey,40.6,2012
797,New Mexico,32.8,2012
798,New York,36.1,2012
799,North Carolina,40.3,2012
800,North Dakota,36.5,2012
801,Ohio,44.8,2012
802,Oklahoma,43.2,2012
803,Oregon,27.4,2012
804,Pennsylvania,44.5,2012
805,Puerto Rico,20.8,2012
806,Rhode Island,39.0,2012
807,South Carolina,39.6,2012
808,South Dakota,38.9,2012
809,Tennessee,40.2,2012
810,Texas,40.2,2012
811,Utah,44.1,2012
812,Vermont,30.0,2012
813,Virgin Islands,17.0,2012
814,Virginia,32.5,2012
815,Washington,26.3,2012
816,West Virginia,39.9,2012
817,Wisconsin,37.3,2012
818,Wyoming,36.7,2012
819,Alabama,37.4,2013
820,Alaska,20.4,2013
821,Arizona,44.3,2013
822,Arkansas,37.7,2013
823,California,49.4,2013
824,Colorado,39.6,2013
825,Connecticut,44.0,2013
826,Country Of Mexico,31.5,2013
827,Delaware,42.0,2013
828,District Of Columbia,48.0,2013
829,Florida,35.0,2013
830,Georgia,38.4,2013
831,Hawaii,32.2,2013
832,Idaho,25.5,2013
833,Illinois,38.9,2013
834,Indiana,43.0,2013
835,Iowa,40.8,2013
836,Kansas,32.4,2013
837,Kentucky,38.5,2013
838,Louisiana,38.6,2013
839,Maine,34.7,2013
840,Maryland,42.1,2013
841,Massachusetts,38.3,2013
842,Michigan,37.9,2013
843,Minnesota,33.9,2013
844,Mississippi,37.3,2013
845,Missouri,41.9,2013
846,Montana,27.7,2013
847,Nebraska,27.0,2013
848,Nevada,37.5,2013
849,New Hampshire,37.9,2013
850,New Jersey,39.1,2013
851,New Mexico,33.5,2013
852,New York,35.4,2013
853,North Carolina,37.2,2013
854,North Dakota,36.7,2013
855,Ohio,40.2,2013
856,Oklahoma,39.3,2013
857,Oregon,31.6,2013
858,Pennsylvania,42.5,2013
859,Puerto Rico,17.4,2013
860,Rhode Island,39.3,2013
861,South Carolina,35.8,2013
862,South Dakota,37.4,2013
863,Tennessee,38.4,2013
864,Texas,38.6,2013
865,Utah,44.7,2013
866,Vermont,30.2,2013
867,Virgin Islands,23.5,2013
868,Virginia,31.1,2013
869,Washington,27.4,2013
870,West Virginia,36.0,2013
871,Wisconsin,35.4,2013
872,Wyoming,36.7,2013
873,Alabama,38.2,2014
874,Alaska,23.4,2014
875,Arizona,43.6,2014
876,Arkansas,36.2,2014
877,California,48.9,2014
878,Colorado,36.5,2014
879,Connecticut,41.9,2014
880,Country Of Mexico,48.0,2014
881,Delaware,44.7,2014
882,District Of Columbia,47.0,2014
883,Florida,36.5,2014
884,Georgia,40.9,2014
885,Hawaii,30.2,2014
886,Idaho,26.6,2014
887,Illinois,39.0,2014
888,Indiana,42.4,2014
889,Iowa,38.5,2014
890,Kansas,32.3,2014
891,Kentucky,39.0,2014
892,Louisiana,38.2,2014
893,Maine,34.4,2014
894,Maryland,43.1,2014
895,Massachusetts,38.5,2014
896,Michigan,38.5,2014
897,Minnesota,31.8,2014
898,Mississippi,38.2,2014
899,Missouri,40.2,2014
900,Montana,27.1,2014
901,Nebraska,25.5,2014
902,Nevada,41.0,2014
903,New Hampshire,37.6,2014
904,New Jersey,39.6,2014
905,New Mexico,33.1,2014
906,New York,35.2,2014
907,North Carolina,39.8,2014
908,North Dakota,34.9,2014
909,Ohio,40.4,2014
910,Oklahoma,39.0,2014
911,Oregon,27.7,2014
912,Pennsylvania,42.8,2014
913,Puerto Rico,17.8,2014
914,Rhode Island,37.0,2014
915,South Carolina,38.1,2014
916,South Dakota,33.2,2014
917,Tennessee,38.1,2014
918,Texas,37.7,2014
919,Utah,41.4,2014
920,Vermont,29.0,2014
921,Virgin Islands,34.0,2014
922,Virginia,31.8,2014
923,Washington,25.2,2014
924,West Virginia,35.3,2014
925,Wisconsin,38.4,2014
926,Wyoming,35.1,2014
927,Alabama,39.3,2015
928,Alaska,23.1,2015
929,Arizona,40.5,2015
930,Arkansas,35.1,2015
931,California,49.4,2015
932,Colorado,35.5,2015
933,Connecticut,41.0,2015
934,Country Of Mexico,73.0,2015
935,Delaware,43.7,2015
936,District Of Columbia,47.0,2015
937,Florida,34.7,2015
938,Georgia,37.8,2015
939,Hawaii,32.8,2015
940,Idaho,24.8,2015
941,Illinois,39.5,2015
942,Indiana,40.0,2015
943,Iowa,37.3,2015
944,Kansas,32.2,2015
945,Kentucky,39.3,2015
946,Louisiana,36.7,2015
947,Maine,33.8,2015
948,Maryland,43.4,2015
949,Massachusetts,36.2,2015
950,Michigan,38.4,2015
951,Minnesota,31.4,2015
952,Mississippi,35.6,2015
953,Missouri,39.0,2015
954,Montana,28.5,2015
955,Nebraska,26.0,2015
956,Nevada,39.6,2015
957,New Hampshire,37.4,2015
958,New Jersey,39.6,2015
959,New Mexico,30.2,2015
960,New York,35.7,2015
961,North Carolina,38.8,2015
962,North Dakota,32.8,2015
963,Ohio,39.1,2015
964,Oklahoma,35.7,2015
965,Oregon,28.9,2015
966,Pennsylvania,42.6,2015
967,Puerto Rico,19.9,2015
968,Rhode Island,39.7,2015
969,South Carolina,35.9,2015
970,South Dakota,33.3,2015
971,Tennessee,36.3,2015
972,Texas,37.1,2015
973,Utah,40.5,2015
974,Vermont,29.0,2015
975,Virgin Islands,37.5,2015
976,Virginia,32.2,2015
977,Washington,27.2,2015
978,West Virginia,35.7,2015
979,Wisconsin,37.6,2015
980,Wyoming,34.8,2015
981,Alabama,39.4,2016
982,Alaska,24.1,2016
983,Arizona,42.5,2016
984,Arkansas,36.4,2016
985,California,46.4,2016
986,Colorado,35.2,2016
987,Connecticut,40.2,2016
988,Country Of Mexico,63.0,2016
989,Delaware,41.3,2016
990,District Of Columbia,47.0,2016
991,Florida,37.2,2016
992,Georgia,38.5,2016
993,Hawaii,31.8,2016
994,Idaho,24.6,2016
995,Illinois,38.4,2016
996,Indiana,37.8,2016
997,Iowa,35.6,2016
998,Kansas,31.9,2016
999,Kentucky,39.8,2016
1000,Louisiana,37.2,2016
1001,Maine,32.1,2016
1002,Maryland,41.2,2016
1003,Massachusetts,35.8,2016
1004,Michigan,36.7,2016
1005,Minnesota,28.6,2016
1006,Mississippi,36.9,2016
1007,Missouri,37.6,2016
1008,Montana,26.7,2016
1009,Nebraska,25.4,2016
1010,Nevada,36.8,2016
1011,New Hampshire,36.0,2016
1012,New Jersey,39.6,2016
1013,New Mexico,30.6,2016
1014,New York,34.8,2016
1015,North Carolina,39.1,2016
1016,North Dakota,29.9,2016
1017,Ohio,38.3,2016
1018,Oklahoma,36.2,2016
1019,Oregon,24.6,2016
1020,Pennsylvania,41.4,2016
1021,Puerto Rico,19.4,2016
1022,Rhode Island,37.0,2016
1023,South Carolina,37.3,2016
1024,South Dakota,30.9,2016
1025,Tennessee,36.6,2016
1026,Texas,36.2,2016
1027,Utah,39.5,2016
1028,Vermont,29.0,2016
1029,Virgin Islands,27.0,2016
1030,Virginia,30.0,2016
1031,Washington,24.1,2016
1032,West Virginia,35.4,2016
1033,Wisconsin,36.0,2016
1034,Wyoming,37.3,2016
1035,Alabama,38.4,2017
1036,Alaska,22.0,2017
1037,Arizona,44.2,2017
1038,Arkansas,37.1,2017
1039,California,49.0,2017
1040,Colorado,36.4,2017
1041,Connecticut,38.2,2017
1042,Country Of Mexico,50.0,2017
1043,Delaware,41.3,2017
1044,District Of Columbia,51.0,2017
1045,Florida,37.0,2017
1046,Georgia,37.2,2017
1047,Hawaii,28.8,2017
1048,Idaho,28.4,2017
1049,Illinois,40.8,2017
1050,Indiana,38.3,2017
1051,Iowa,36.8,2017
1052,Kansas,32.6,2017
1053,Kentucky,39.5,2017
1054,Louisiana,36.4,2017
1055,Maine,33.8,2017
1056,Maryland,40.9,2017
1057,Massachusetts,37.5,2017
1058,Michigan,36.6,2017
1059,Minnesota,31.6,2017
1060,Mississippi,35.8,2017
1061,Missouri,39.8,2017
1062,Montana,30.9,2017
1063,Nebraska,28.9,2017
1064,Nevada,38.1,2017
1065,New Hampshire,36.0,2017
1066,New Jersey,38.4,2017
1067,New Mexico,31.9,2017
1068,New York,34.4,2017
1069,North Carolina,38.9,2017
1070,North Dakota,33.0,2017
1071,Ohio,37.5,2017
1072,Oklahoma,36.8,2017
1073,Oregon,28.7,2017
1074,Pennsylvania,41.5,2017
1075,Puerto Rico,24.1,2017
1076,Rhode Island,34.3,2017
1077,South Carolina,35.6,2017
1078,South Dakota,31.6,2017
1079,Tennessee,36.8,2017
1080,Texas,37.2,2017
1081,Utah,44.2,2017
1082,Vermont,29.2,2017
1083,Virgin Islands,19.5,2017
1084,Virginia,31.2,2017
1085,Washington,26.7,2017
1086,West Virginia,36.0,2017
1087,Wisconsin,37.0,2017
1088,Wyoming,38.6,2017
1089,Alabama,36.8,2018
1090,Alaska,22.0,2018
1091,Arizona,43.1,2018
1092,Arkansas,35.4,2018
1093,California,48.8,2018
1094,Colorado,39.1,2018
1095,Connecticut,37.6,2018
1096,Country Of Mexico,55.5,2018
1097,Delaware,40.0,2018
1098,District Of Columbia,44.0,2018
1099,Florida,34.8,2018
1100,Georgia,34.8,2018
1101,Hawaii,27.5,2018
1102,Idaho,27.0,2018
1103,Illinois,40.7,2018
1104,Indiana,36.3,2018
1105,Iowa,38.2,2018
1106,Kansas,32.6,2018
1107,Kentucky,38.3,2018
1108,Louisiana,35.0,2018
1109,Maine,35.0,2018
1110,Maryland,39.6,2018
1111,Massachusetts,36.9,2018
1112,Michigan,36.0,2018
1113,Minnesota,32.0,2018
1114,Mississippi,36.5,2018
1115,Missouri,38.0,2018
1116,Montana,29.5,2018
1117,Nebraska,28.0,2018
1118,Nevada,37.0,2018
1119,New Hampshire,36.9,2018
1120,New Jersey,38.4,2018
1121,New Mexico,33.2,2018
1122,New York,34.0,2018
1123,North Carolina,37.8,2018
1124,North Dakota,35.0,2018
1125,Ohio,36.8,2018
1126,Oklahoma,37.5,2018
1127,Oregon,29.2,2018
1128,Pennsylvania,37.7,2018
1129,Puerto Rico,26.7,2018
1130,Rhode Island,35.0,2018
1131,South Carolina,33.7,2018
1132,South Dakota,32.1,2018
1133,Tennessee,35.3,2018
1134,Texas,36.2,2018
1135,Utah,44.3,2018
1136,Vermont,29.8,2018
1137,Virgin Islands,24.3,2018
1138,Virginia,30.2,2018
1139,Washington,25.7,2018
1140,West Virginia,33.7,2018
1141,Wisconsin,39.3,2018
1142,Wyoming,39.6,2018
1143,Alabama,39.2,2019
1144,Alaska,19.2,2019
1145,Arizona,41.8,2019
1146,Arkansas,36.2,2019
1147,California,43.8,2019
1148,Colorado,34.1,2019
1149,Connecticut,39.5,2019
1150,Country Of Mexico,57.5,2019
1151,Delaware,42.3,2019
1152,District Of Columbia,44.0,2019
1153,Florida,35.8,2019
1154,Georgia,38.6,2019
1155,Hawaii,17.8,2019
1156,Idaho,24.4,2019
1157,Illinois,41.5,2019
1158,Indiana,37.1,2019
1159,Iowa,34.4,2019
1160,Kansas,32.0,2019
1161,Kentucky,40.2,2019
1162,Louisiana,35.8,2019
1163,Maine,33.7,2019
1164,Maryland,40.6,2019
1165,Massachusetts,37.5,2019
1166,Michigan,34.8,2019
1167,Minnesota,29.5,2019
1168,Mississippi,38.6,2019
1169,Missouri,37.6,2019
1170,Montana,26.4,2019
1171,Nebraska,24.9,2019
1172,Nevada,34.0,2019
1173,New Hampshire,35.4,2019
1174,New Jersey,39.4,2019
1175,New Mexico,31.2,2019
1176,New York,34.7,2019
1177,North Carolina,38.9,2019
1178,North Dakota,32.7,2019
1179,Ohio,37.5,2019
1180,Oklahoma,36.2,2019
1181,Oregon,26.7,2019
1182,Pennsylvania,38.4,2019
1183,Puerto Rico,22.5,2019
1184,Rhode Island,37.0,2019
1185,South Carolina,33.6,2019
1186,South Dakota,31.2,2019
1187,Tennessee,36.2,2019
1188,Texas,38.0,2019
1189,Utah,42.2,2019
1190,Vermont,29.0,2019
1191,Virgin Islands,21.0,2019
1192,Virginia,32.2,2019
1193,Washington,24.9,2019
1194,West Virginia,35.9,2019
1195,Wisconsin,36.2,2019
1196,Wyoming,38.8,2019
1197,Alabama,35.2,2020
1198,Alaska,15.8,2020
1199,Arizona,47.1,2020
1200,Arkansas,33.0,2020
1201,California,48.0,2020
1202,Colorado,34.6,2020
1203,Connecticut,39.1,2020
1204,Country Of Mexico,78.0,2020
1205,Delaware,38.0,2020
1206,District Of Columbia,40.0,2020
1207,Florida,35.8,2020
1208,Georgia,33.1,2020
1209,Hawaii,17.2,2020
1210,Idaho,25.9,2020
1211,Illinois,39.1,2020
1212,Indiana,35.8,2020
1213,Iowa,33.9,2020
1214,Kansas,31.5,2020
1215,Kentucky,36.2,2020
1216,Louisiana,33.9,2020
1217,Maine,33.5,2020
1218,Maryland,35.7,2020
1219,Massachusetts,36.5,2020
1220,Michigan,33.6,2020
1221,Minnesota,29.4,2020
1222,Mississippi,37.2,2020
1223,Missouri,35.0,2020
1224,Montana,25.9,2020
1225,Nebraska,25.2,2020
1226,Nevada,36.2,2020
1227,New Hampshire,36.1,2020
1228,New Jersey,36.9,2020
1229,New Mexico,31.9,2020
1230,New York,33.6,2020
1231,North Carolina,33.3,2020
1232,North Dakota,33.4,2020
1233,Ohio,34.9,2020
1234,Oklahoma,37.4,2020
1235,Oregon,27.4,2020
1236,Pennsylvania,36.4,2020
1237,Puerto Rico,17.8,2020
1238,Rhode Island,34.3,2020
1239,South Carolina,33.6,2020
1240,South Dakota,33.1,2020
1241,Tennessee,32.4,2020
1242,Texas,35.5,2020
1243,Utah,41.3,2020
1244,Vermont,29.2,2020
1245,Virgin Islands,19.3,2020
1246,Virginia,28.9,2020
1247,Washington,23.8,2020
1248,West Virginia,32.2,2020
1249,Wisconsin,36.2,2020
1250,Wyoming,35.5,2020
1251,Alabama,35.5,2021
1252,Alaska,17.2,2021
1253,Arizona,48.8,2021
1254,Arkansas,35.8,2021
1255,California,47.8,2021
1256,Colorado,35.9,2021
1257,Connecticut,38.0,2021
1258,Country Of Mexico,49.5,2021
1259,Delaware,39.7,2021
1260,District Of Columbia,44.0,2021
1261,Florida,36.3,2021
1262,Georgia,36.4,2021
1263,Hawaii,18.2,2021
1264,Idaho,29.5,2021
1265,Illinois,41.3,2021
1266,Indiana,37.1,2021
1267,Iowa,37.2,2021
1268,Kansas,35.0,2021
1269,Kentucky,37.9,2021
1270,Louisiana,34.5,2021
1271,Maine,33.4,2021
1272,Maryland,38.9,2021
1273,Massachusetts,36.2,2021
1274,Michigan,36.9,2021
1275,Minnesota,33.1,2021
1276,Mississippi,36.8,2021
1277,Missouri,37.0,2021
1278,Montana,30.2,2021
1279,Nebraska,29.1,2021
1280,Nevada,37.4,2021
1281,New Hampshire,35.4,2021
1282,New Jersey,38.3,2021
1283,New Mexico,33.2,2021
1284,New York,34.6,2021
1285,North Carolina,36.9,2021
1286,North Dakota,35.8,2021
1287,Ohio,37.2,2021
1288,Oklahoma,40.4,2021
1289,Oregon,27.7,2021
1290,Pennsylvania,38.3,2021
1291,Puerto Rico,20.7,2021
1292,Rhode Island,34.7,2021
1293,South Carolina,37.2,2021
1294,South Dakota,32.7,2021
1295,Tennessee,35.1,2021
1296,Texas,36.3,2021
1297,Utah,42.2,2021
1298,Vermont,28.5,2021
1299,Virgin Islands,18.5,2021
1300,Virginia,30.8,2021
1301,Washington,25.6,2021
1302,West Virginia,34.4,2021
1303,Wisconsin,38.0,2021
1304,Wyoming,35.2,2021
1305,Alabama,39.9,2022
1306,Alaska,24.4,2022
1307,Arizona,43.5,2022
1308,Arkansas,33.8,2022
1309,California,44.1,2022
1310,Colorado,39.9,2022
1311,Connecticut,40.2,2022
1312,Country Of Mexico,54.0,2022
1313,Delaware,38.7,2022
1314,District Of Columbia,43.0,2022
1315,Florida,39.9,2022
1316,Georgia,37.5,2022
1317,Hawaii,20.8,2022
1318,Idaho,23.8,2022
1319,Illinois,40.6,2022
1320,Indiana,37.8,2022
1321,Iowa,34.6,2022
1322,Kansas,36.7,2022
1323,Kentucky,40.8,2022
1324,Louisiana,36.7,2022
1325,Maine,34.0,2022
1326,Maryland,40.4,2022
1327,Massachusetts,39.1,2022
1328,Michigan,38.5,2022
1329,Minnesota,33.7,2022
1330,Mississippi,38.6,2022
1331,Missouri,40.5,2022
1332,Montana,31.5,2022
1333,Nebraska,25.2,2022
1334,Nevada,36.2,2022
1335,New Hampshire,38.6,2022
1336,New Jersey,39.2,2022
1337,New Mexico,42.7,2022
1338,New York,36.3,2022
1339,North Carolina,38.7,2022
1340,North Dakota,36.6,2022
1341,Ohio,38.2,2022
1342,Oklahoma,43.4,2022
1343,Oregon,23.6,2022
1344,Pennsylvania,37.7,2022
1345,Puerto Rico,19.0,2022
1346,Rhode Island,37.7,2022
1347,South Carolina,38.0,2022
1348,South Dakota,31.6,2022
1349,Tennessee,36.1,2022
1350,Texas,39.5,2022
1351,Utah,45.3,2022
1352,Vermont,39.3,2022
1353,Virginia,31.5,2022
1354,Washington,22.9,2022
1355,West Virginia,35.2,2022
1356,Wisconsin,36.6,2022
1357,Wyoming,35.9,2022
